ID;LINK_FOTO;ID_FOTO
0155959835062402;http://servicosweb.cnpq.br/wspessoa/servletrecuperafoto?tipo=1&id=K4793244Y5;K4793244Y5
0702503776284410;http://servicosweb.cnpq.br/wspessoa/servletrecuperafoto?tipo=1&id=K4758626P6;K4758626P6
0781143912494425;http://servicosweb.cnpq.br/wspessoa/servletrecuperafoto?tipo=1&id=K4713491P6;K4713491P6
0853119429254827;http://servicosweb.cnpq.br/wspessoa/servletrecuperafoto?tipo=1&id=K4744722J6;K4744722J6
0853955010849504;http://servicosweb.cnpq.br/wspessoa/servletrecuperafoto?tipo=1&id=K4642096P8;K4642096P8
0876204917775050;http://servicosweb.cnpq.br/wspessoa/servletrecuperafoto?tipo=1&id=K4130215J9;K4130215J9
0905836893898631;http://servicosweb.cnpq.br/wspessoa/servletrecuperafoto?tipo=1&id=K4449255E7;K4449255E7
1989772308502986;http://servicosweb.cnpq.br/wspessoa/servletrecuperafoto?tipo=1&id=K4705661A6;K4705661A6
2102993403919035;http://servicosweb.cnpq.br/wspessoa/servletrecuperafoto?tipo=1&id=K4133677P3;K4133677P3
2317284338521807;http://servicosweb.cnpq.br/wspessoa/servletrecuperafoto?tipo=1&id=K4713475H6;K4713475H6
2325354616581027;http://servicosweb.cnpq.br/wspessoa/servletrecuperafoto?tipo=1&id=K4776008J6;K4776008J6
2522602422184941;http://servicosweb.cnpq.br/wspessoa/servletrecuperafoto?tipo=1&id=K4268811T9;K4268811T9
2551720593062355;http://servicosweb.cnpq.br/wspessoa/servletrecuperafoto?tipo=1&id=K4705814Y7;K4705814Y7
2926473300969422;http://servicosweb.cnpq.br/wspessoa/servletrecuperafoto?tipo=1&id=K4716246J0;K4716246J0
3027146613276970;http://servicosweb.cnpq.br/wspessoa/servletrecuperafoto?tipo=1&id=K4253899Z1;K4253899Z1
3085568175388061;http://servicosweb.cnpq.br/wspessoa/servletrecuperafoto?tipo=1&id=K4728316T0;K4728316T0
3119879857641234;http://servicosweb.cnpq.br/wspessoa/servletrecuperafoto?tipo=1&id=K4347581T8;K4347581T8
3383567271020768;http://servicosweb.cnpq.br/wspessoa/servletrecuperafoto?tipo=1&id=K4384728A5;K4384728A5
3445472713137548;http://servicosweb.cnpq.br/wspessoa/servletrecuperafoto?tipo=1&id=K4796540D6;K4796540D6
3684666180428347;http://servicosweb.cnpq.br/wspessoa/servletrecuperafoto?tipo=1&id=K4767720J8;K4767720J8
4247658527800602;http://servicosweb.cnpq.br/wspessoa/servletrecuperafoto?tipo=1&id=K4221926U8;K4221926U8
4506503088340718;http://servicosweb.cnpq.br/wspessoa/servletrecuperafoto?tipo=1&id=K2714270A9;K2714270A9
4569169833604734;http://servicosweb.cnpq.br/wspessoa/servletrecuperafoto?tipo=1&id=K4705088Z6;K4705088Z6
4761289879698286;http://servicosweb.cnpq.br/wspessoa/servletrecuperafoto?tipo=1&id=K4736049D7;K4736049D7
5069063202614497;http://servicosweb.cnpq.br/wspessoa/servletrecuperafoto?tipo=1&id=K4766080A8;K4766080A8
5202499767006928;http://servicosweb.cnpq.br/wspessoa/servletrecuperafoto?tipo=1&id=K9775949J3;K9775949J3
5426268075449547;http://servicosweb.cnpq.br/wspessoa/servletrecuperafoto?tipo=1&id=K4273952J7;K4273952J7
5481509221004874;http://servicosweb.cnpq.br/wspessoa/servletrecuperafoto?tipo=1&id=K4767722Z8;K4767722Z8
5507813606549292;http://servicosweb.cnpq.br/wspessoa/servletrecuperafoto?tipo=1&id=K4799971U8;K4799971U8
5641001295200928;http://servicosweb.cnpq.br/wspessoa/servletrecuperafoto?tipo=1&id=K4131854A7;K4131854A7
5697765739821467;http://servicosweb.cnpq.br/wspessoa/servletrecuperafoto?tipo=1&id=K8192793U4;K8192793U4
5717713170043491;http://servicosweb.cnpq.br/wspessoa/servletrecuperafoto?tipo=1&id=K8454554P5;K8454554P5
6294763034488617;http://servicosweb.cnpq.br/wspessoa/servletrecuperafoto?tipo=1&id=K4767729Z9;K4767729Z9
6371375983884303;http://servicosweb.cnpq.br/wspessoa/servletrecuperafoto?tipo=1&id=K4494422A8;K4494422A8
7670714110574321;http://servicosweb.cnpq.br/wspessoa/servletrecuperafoto?tipo=1&id=K4710730H8;K4710730H8
7919901048891187;http://servicosweb.cnpq.br/wspessoa/servletrecuperafoto?tipo=1&id=K4394599T5;K4394599T5
8042687654173704;http://servicosweb.cnpq.br/wspessoa/servletrecuperafoto?tipo=1&id=K4423001T5;K4423001T5
8066578384803071;http://servicosweb.cnpq.br/wspessoa/servletrecuperafoto?tipo=1&id=K4742869E0;K4742869E0
8135197639370701;http://servicosweb.cnpq.br/wspessoa/servletrecuperafoto?tipo=1&id=K4779582E4;K4779582E4
8144127951159683;http://servicosweb.cnpq.br/wspessoa/servletrecuperafoto?tipo=1&id=K4735738D6;K4735738D6
8154680248919577;http://servicosweb.cnpq.br/wspessoa/servletrecuperafoto?tipo=1&id=K4790275H8;K4790275H8
8188329050349666;http://servicosweb.cnpq.br/wspessoa/servletrecuperafoto?tipo=1&id=K4762859T7;K4762859T7
8217806694441815;http://servicosweb.cnpq.br/wspessoa/servletrecuperafoto?tipo=1&id=K4440058E0;K4440058E0
8393669280266372;http://servicosweb.cnpq.br/wspessoa/servletrecuperafoto?tipo=1&id=K4777060P8;K4777060P8
8618933240073994;http://servicosweb.cnpq.br/wspessoa/servletrecuperafoto?tipo=1&id=K4979494Z3;K4979494Z3
8806072933197265;http://servicosweb.cnpq.br/wspessoa/servletrecuperafoto?tipo=1&id=K4798664D5;K4798664D5
8931806861246338;http://servicosweb.cnpq.br/wspessoa/servletrecuperafoto?tipo=1&id=K4290724T5;K4290724T5
9335137326600884;http://servicosweb.cnpq.br/wspessoa/servletrecuperafoto?tipo=1&id=K4251554H4;K4251554H4
9554425330898629;http://servicosweb.cnpq.br/wspessoa/servletrecuperafoto?tipo=1&id=K4728164P5;K4728164P5
9899075789126981;http://servicosweb.cnpq.br/wspessoa/servletrecuperafoto?tipo=1&id=K4361651P9;K4361651P9
9865330615540205;http://servicosweb.cnpq.br/wspessoa/servletrecuperafoto?tipo=1&id=K4773956J5;K4773956J5
0027511648392947;http://servicosweb.cnpq.br/wspessoa/servletrecuperafoto?tipo=1&id=K4937756Z6;K4937756Z6
0170810924772574;http://servicosweb.cnpq.br/wspessoa/servletrecuperafoto?tipo=1&id=K4407979E5;K4407979E5
0292834654421299;http://servicosweb.cnpq.br/wspessoa/servletrecuperafoto?tipo=1&id=K4451641E6;K4451641E6
0661209395751558;http://servicosweb.cnpq.br/wspessoa/servletrecuperafoto?tipo=1&id=K4730691T5;K4730691T5
1437087614639311;http://servicosweb.cnpq.br/wspessoa/servletrecuperafoto?tipo=1&id=K4802285E4;K4802285E4
1668285987305521;http://servicosweb.cnpq.br/wspessoa/servletrecuperafoto?tipo=1&id=K4800366D5;K4800366D5
2020742498984612;http://servicosweb.cnpq.br/wspessoa/servletrecuperafoto?tipo=1&id=K4713834D5;K4713834D5
2227139061867181;http://servicosweb.cnpq.br/wspessoa/servletrecuperafoto?tipo=1&id=K4299213J6;K4299213J6
2266112154431321;http://servicosweb.cnpq.br/wspessoa/servletrecuperafoto?tipo=1&id=K4779594T3;K4779594T3
2585330510002189;http://servicosweb.cnpq.br/wspessoa/servletrecuperafoto?tipo=1&id=K4728789P4;K4728789P4
2688436056239402;http://servicosweb.cnpq.br/wspessoa/servletrecuperafoto?tipo=1&id=K8150018Z1;K8150018Z1
2848812662814026;http://servicosweb.cnpq.br/wspessoa/servletrecuperafoto?tipo=1&id=K4483549D2;K4483549D2
2860179178643956;http://servicosweb.cnpq.br/wspessoa/servletrecuperafoto?tipo=1&id=K4723298A4;K4723298A4
2864843574433034;http://servicosweb.cnpq.br/wspessoa/servletrecuperafoto?tipo=1&id=K4127218E1;K4127218E1
4026715152001626;http://servicosweb.cnpq.br/wspessoa/servletrecuperafoto?tipo=1&id=K4437276Y0;K4437276Y0
4063985480147162;http://servicosweb.cnpq.br/wspessoa/servletrecuperafoto?tipo=1&id=K2004587A6;K2004587A6
4083960867428854;http://servicosweb.cnpq.br/wspessoa/servletrecuperafoto?tipo=1&id=K4137780P7;K4137780P7
4130787400995997;http://servicosweb.cnpq.br/wspessoa/servletrecuperafoto?tipo=1&id=K4744340J5;K4744340J5
4247276247749935;http://servicosweb.cnpq.br/wspessoa/servletrecuperafoto?tipo=1&id=K4337558A5;K4337558A5
4482870742031147;http://servicosweb.cnpq.br/wspessoa/servletrecuperafoto?tipo=1&id=K4443431U4;K4443431U4
4600154820027807;http://servicosweb.cnpq.br/wspessoa/servletrecuperafoto?tipo=1&id=K4751843E6;K4751843E6
4671444108825248;http://servicosweb.cnpq.br/wspessoa/servletrecuperafoto?tipo=1&id=K4480048U9;K4480048U9
5502129635422495;http://servicosweb.cnpq.br/wspessoa/servletrecuperafoto?tipo=1&id=K4771860U9;K4771860U9
5984672774577439;http://servicosweb.cnpq.br/wspessoa/servletrecuperafoto?tipo=1&id=K4474847Y5;K4474847Y5
6096599677518899;http://servicosweb.cnpq.br/wspessoa/servletrecuperafoto?tipo=1&id=K8075474T5;K8075474T5
6872717162309834;http://servicosweb.cnpq.br/wspessoa/servletrecuperafoto?tipo=1&id=K4262896H6;K4262896H6
6953578838978396;http://servicosweb.cnpq.br/wspessoa/servletrecuperafoto?tipo=1&id=K4130614Z2;K4130614Z2
7181115937433821;http://servicosweb.cnpq.br/wspessoa/servletrecuperafoto?tipo=1&id=K4559842J7;K4559842J7
7482509894855417;http://servicosweb.cnpq.br/wspessoa/servletrecuperafoto?tipo=1&id=K4703621D8;K4703621D8
7703927782935094;http://servicosweb.cnpq.br/wspessoa/servletrecuperafoto?tipo=1&id=K4409070U5;K4409070U5
7751742904886118;http://servicosweb.cnpq.br/wspessoa/servletrecuperafoto?tipo=1&id=K4770776Z3;K4770776Z3
8130370622150343;http://servicosweb.cnpq.br/wspessoa/servletrecuperafoto?tipo=1&id=K4713875Z6;K4713875Z6
8417190478657621;http://servicosweb.cnpq.br/wspessoa/servletrecuperafoto?tipo=1&id=K4559672J7;K4559672J7
8646633997201802;http://servicosweb.cnpq.br/wspessoa/servletrecuperafoto?tipo=1&id=K8310737P7;K8310737P7
8810916520087214;http://servicosweb.cnpq.br/wspessoa/servletrecuperafoto?tipo=1&id=K4352719Y6;K4352719Y6
8869553181466970;http://servicosweb.cnpq.br/wspessoa/servletrecuperafoto?tipo=1&id=K4268421P9;K4268421P9
8924508898024445;http://servicosweb.cnpq.br/wspessoa/servletrecuperafoto?tipo=1&id=K4480695U8;K4480695U8
9070111459228197;http://servicosweb.cnpq.br/wspessoa/servletrecuperafoto?tipo=1&id=K8374609D8;K8374609D8
9092296814446576;http://servicosweb.cnpq.br/wspessoa/servletrecuperafoto?tipo=1&id=K4207060Z1;K4207060Z1
9108499010275081;http://servicosweb.cnpq.br/wspessoa/servletrecuperafoto?tipo=1&id=K4550204D3;K4550204D3
9416668271579542;http://servicosweb.cnpq.br/wspessoa/servletrecuperafoto?tipo=1&id=K4363642D2;K4363642D2
9652541311039940;http://servicosweb.cnpq.br/wspessoa/servletrecuperafoto?tipo=1&id=K4701822A9;K4701822A9
3564706302936545;http://servicosweb.cnpq.br/wspessoa/servletrecuperafoto?tipo=1&id=K4898617T5;K4898617T5
7340105957340705;http://servicosweb.cnpq.br/wspessoa/servletrecuperafoto?tipo=1&id=K4708323H0;K4708323H0
1229329519982110;http://servicosweb.cnpq.br/wspessoa/servletrecuperafoto?tipo=1&id=K4702483U8;K4702483U8
9850033081267802;http://servicosweb.cnpq.br/wspessoa/servletrecuperafoto?tipo=1&id=K4251003E6;K4251003E6
9047298948861003;http://servicosweb.cnpq.br/wspessoa/servletrecuperafoto?tipo=1&id=K4416860H6;K4416860H6
5452734249403936;http://servicosweb.cnpq.br/wspessoa/servletrecuperafoto?tipo=1&id=K4792038A7;K4792038A7
5680475427208141;http://servicosweb.cnpq.br/wspessoa/servletrecuperafoto?tipo=1&id=K4768031U8;K4768031U8
4980687835840176;http://servicosweb.cnpq.br/wspessoa/servletrecuperafoto?tipo=1&id=K4227249A8;K4227249A8
